target,MSE_scaled,MAE_scaled
algae,0.0071595581248402596,0.04709142819046974
rotifers,0.009255295619368553,0.05817662924528122
