target,MSE,MAE
algae,0.4761628210544586,0.3840400278568268
rotifers,210.22718811035156,8.7679443359375
